,init_C,init_N,init_Li,feasibility,yield,std,labeled
0,0.3157894736842105,0.631578947368421,0.3157894736842105,True,0.10685870464937085,0.0341605862698354,False
1,0.3157894736842105,0.631578947368421,0.631578947368421,True,0.01314591634542004,0.0646599871345476,False
2,0.3157894736842105,0.9473684210526316,0.3157894736842105,True,0.09515727090085245,0.0339913325208306,False
3,0.3157894736842105,0.9473684210526316,0.631578947368421,True,-0.008566413860863736,0.059672053946354,False
4,0.3157894736842105,1.263157894736842,0.3157894736842105,True,0.07760530795676418,0.0337730636959266,False
5,0.3157894736842105,1.263157894736842,0.631578947368421,True,0.03813777500082448,0.0571614478032535,False
6,0.3157894736842105,1.5789473684210529,0.3157894736842105,True,0.01633338420821872,0.0365711840694179,False
7,0.3157894736842105,1.5789473684210529,0.631578947368421,True,0.1294506923396637,0.0567239455378656,False
8,0.3157894736842105,1.894736842105263,0.3157894736842105,True,-0.015556822838737716,0.0344006489018253,False
9,0.3157894736842105,1.894736842105263,0.631578947368421,True,0.11439435615244609,0.0558317130182211,False
10,0.3157894736842105,2.210526315789473,0.3157894736842105,True,0.03694693709830503,0.0346154317034337,False
11,0.3157894736842105,2.210526315789473,0.631578947368421,True,-0.011693060819667075,0.0547471030512949,False
12,0.3157894736842105,2.526315789473684,0.3157894736842105,True,0.10136267824106233,0.0340294023637605,False
13,0.3157894736842105,2.526315789473684,0.631578947368421,True,0.02879498348270168,0.0523368927897932,False
14,0.3157894736842105,2.8421052631578947,0.3157894736842105,True,0.09369162483841759,0.0284794223891928,False
15,0.3157894736842105,2.8421052631578947,0.631578947368421,True,0.010355702746693354,0.0469614989205127,False
16,0.3157894736842105,3.1578947368421053,0.3157894736842105,True,0.03088607799620533,0.0257268699117061,False
17,0.3157894736842105,3.1578947368421053,0.631578947368421,True,0.09111788591975659,0.0393048203970469,False
18,0.3157894736842105,3.4736842105263155,0.3157894736842105,True,-0.031466069477782826,0.0202746715797149,False
19,0.3157894736842105,3.4736842105263155,0.631578947368421,True,-0.009642324604305731,0.0320748100124913,False
20,0.3157894736842105,3.789473684210526,0.3157894736842105,True,0.015035800074598028,0.0219319569535054,False
21,0.3157894736842105,3.789473684210526,0.631578947368421,True,0.08059106805738389,0.0333853214510311,False
22,0.3157894736842105,4.105263157894736,0.3157894736842105,True,-0.026912531717776578,0.0254080665157182,False
23,0.3157894736842105,4.105263157894736,0.631578947368421,True,0.03424371452649275,0.0348421076175503,False
24,0.3157894736842105,4.421052631578947,0.3157894736842105,True,0.028007939859209616,0.0160766203679279,False
25,0.3157894736842105,4.421052631578947,0.631578947368421,True,0.118583773763705,0.0305511469251311,True
26,0.3157894736842105,4.7368421052631575,0.3157894736842105,True,0.10422483695513068,0.0228373265378646,False
27,0.3157894736842105,4.7368421052631575,0.631578947368421,True,0.12122634307410729,0.0288252977203641,False
28,0.3157894736842105,5.052631578947368,0.3157894736842105,True,0.005296879804211212,0.0353749054347171,False
29,0.3157894736842105,5.052631578947368,0.631578947368421,True,0.09210387295647995,0.0255064081251926,False
30,0.3157894736842105,5.368421052631579,0.3157894736842105,True,-0.05857495492270397,0.0377029525303724,False
31,0.3157894736842105,5.368421052631579,0.631578947368421,True,0.13827680170230108,0.0199384351581338,False
32,0.3157894736842105,5.684210526315789,0.3157894736842105,True,-0.02249832116419617,0.0286954201596002,False
33,0.3157894736842105,5.684210526315789,0.631578947368421,True,0.09367599593164012,0.0212845453385787,False
34,0.3157894736842105,6.0,0.3157894736842105,True,0.03315286839617247,0.0118261627145999,False
35,0.3157894736842105,6.0,0.631578947368421,True,0.14574706265014753,0.0214103903422539,False
36,0.631578947368421,1.263157894736842,0.3157894736842105,True,0.04782770998200338,0.0416051485394919,False
37,0.631578947368421,1.263157894736842,0.631578947368421,True,0.2143994978601189,0.0485960146081897,False
38,0.631578947368421,1.263157894736842,0.9473684210526316,True,0.1847691729748747,0.040267259557639,False
39,0.631578947368421,1.263157894736842,1.263157894736842,True,0.18420509906016236,0.0444749376882196,False
40,0.631578947368421,1.5789473684210529,0.3157894736842105,True,-0.04056283919104302,0.0404654236878381,False
41,0.631578947368421,1.5789473684210529,0.631578947368421,True,0.018870794041831035,0.0470247634707267,False
42,0.631578947368421,1.5789473684210529,0.9473684210526316,True,0.1405948457132326,0.0358650566762638,False
43,0.631578947368421,1.5789473684210529,1.263157894736842,True,0.34075174364338795,0.0330424617927707,False
44,0.631578947368421,1.894736842105263,0.3157894736842105,True,-0.00494643770481646,0.0431378723755206,False
45,0.631578947368421,1.894736842105263,0.631578947368421,True,0.10249684445174803,0.0488194003785734,False
46,0.631578947368421,1.894736842105263,0.9473684210526316,True,0.1626845234771388,0.0419979739517812,False
47,0.631578947368421,1.894736842105263,1.263157894736842,True,0.32856007242659907,0.0389949073711734,False
48,0.631578947368421,2.210526315789473,0.3157894736842105,True,0.04515157062443736,0.0415049118767846,False
49,0.631578947368421,2.210526315789473,0.631578947368421,True,0.1576704159425786,0.0472086990227968,False
50,0.631578947368421,2.210526315789473,0.9473684210526316,True,0.223010046645904,0.0407057309577555,False
51,0.631578947368421,2.210526315789473,1.263157894736842,True,0.34443465420482655,0.0388076483549799,False
52,0.631578947368421,2.526315789473684,0.3157894736842105,True,0.05221256792939649,0.0379177018632131,False
53,0.631578947368421,2.526315789473684,0.631578947368421,True,0.12206475715439687,0.04368379600624,False
54,0.631578947368421,2.526315789473684,0.9473684210526316,True,0.2279325286507032,0.0359277826631075,False
55,0.631578947368421,2.526315789473684,1.263157894736842,True,0.3843518540035256,0.0341590725225449,False
56,0.631578947368421,2.8421052631578947,0.3157894736842105,True,0.13844606850049293,0.0344171805981474,False
57,0.631578947368421,2.8421052631578947,0.631578947368421,True,0.08746960655547945,0.0397218334675648,False
58,0.631578947368421,2.8421052631578947,0.9473684210526316,True,0.17286833311223743,0.034121163297777,False
59,0.631578947368421,2.8421052631578947,1.263157894736842,True,0.34513531224539207,0.029125213354472,False
60,0.631578947368421,3.1578947368421053,0.3157894736842105,True,-0.027946967851127373,0.0256343432675256,False
61,0.631578947368421,3.1578947368421053,0.631578947368421,True,0.18363051174461129,0.0312992052575682,False
62,0.631578947368421,3.1578947368421053,0.9473684210526316,True,0.2189992912988895,0.0293102742564216,False
63,0.631578947368421,3.1578947368421053,1.263157894736842,True,0.3954891856821825,0.0151894763512628,False
64,0.631578947368421,3.4736842105263155,0.3157894736842105,True,0.03522884305001918,0.0204330965205134,False
65,0.631578947368421,3.4736842105263155,0.631578947368421,True,0.013152563324637198,0.0231653810284225,False
66,0.631578947368421,3.4736842105263155,0.9473684210526316,True,0.29008271747884823,0.0283857223900043,False
67,0.631578947368421,3.4736842105263155,1.263157894736842,True,0.3873635472591204,0.020860886381636,False
68,0.631578947368421,3.789473684210526,0.3157894736842105,True,0.021717270374200105,0.0301424747681223,False
69,0.631578947368421,3.789473684210526,0.631578947368421,True,0.1076431714311649,0.0297221560996741,False
70,0.631578947368421,3.789473684210526,0.9473684210526316,True,0.15858701744709935,0.033422292124866,False
71,0.631578947368421,3.789473684210526,1.263157894736842,True,0.42618752272549837,0.0331655136320384,False
72,0.631578947368421,4.105263157894736,0.3157894736842105,True,-0.123293422976093,0.0343944832416852,False
73,0.631578947368421,4.105263157894736,0.631578947368421,True,0.060517499047759285,0.0334608987892959,False
74,0.631578947368421,4.105263157894736,0.9473684210526316,True,0.26490292088803813,0.0303534698865877,False
75,0.631578947368421,4.105263157894736,1.263157894736842,True,0.39708173184415985,0.0307092021153964,False
76,0.631578947368421,4.421052631578947,0.3157894736842105,True,-0.01829275490223552,0.0314117953794169,False
77,0.631578947368421,4.421052631578947,0.631578947368421,True,0.0840213639375754,0.0306999920505691,False
78,0.631578947368421,4.421052631578947,0.9473684210526316,True,0.26304354912493694,0.019505584783954,False
79,0.631578947368421,4.421052631578947,1.263157894736842,True,0.4429822189023053,0.0208895396614788,False
80,0.631578947368421,4.7368421052631575,0.3157894736842105,True,0.0003584034667905786,0.0338235643484893,False
81,0.631578947368421,4.7368421052631575,0.631578947368421,True,0.13637612863066503,0.0338481356768649,False
82,0.631578947368421,4.7368421052631575,0.9473684210526316,True,0.2889007291143498,0.0264725860467609,False
83,0.631578947368421,4.7368421052631575,1.263157894736842,True,0.48504184354846097,0.0259086076268841,False
84,0.631578947368421,5.052631578947368,0.3157894736842105,True,-0.02179094858555344,0.0395220951895304,False
85,0.631578947368421,5.052631578947368,0.631578947368421,True,0.18411955747890063,0.0393426434681051,False
86,0.631578947368421,5.052631578947368,0.9473684210526316,True,0.30996356329175423,0.0371683126839965,False
87,0.631578947368421,5.052631578947368,1.263157894736842,True,0.4312940979510203,0.0351114303008368,False
88,0.631578947368421,5.368421052631579,0.3157894736842105,True,0.0044787053406718305,0.0390284999264304,False
89,0.631578947368421,5.368421052631579,0.631578947368421,True,0.2474808674520103,0.0398287000866892,False
90,0.631578947368421,5.368421052631579,0.9473684210526316,True,0.3737488704302201,0.0399085917247568,False
91,0.631578947368421,5.368421052631579,1.263157894736842,True,0.5167499426141556,0.0382015082304494,False
92,0.631578947368421,5.684210526315789,0.3157894736842105,True,0.04039201480187822,0.0316886326571578,False
93,0.631578947368421,5.684210526315789,0.631578947368421,True,0.17944842165739325,0.0359025877442873,False
94,0.631578947368421,5.684210526315789,0.9473684210526316,True,0.30029511784299595,0.0369892703144491,False
95,0.631578947368421,5.684210526315789,1.263157894736842,True,0.3887948124131132,0.0331970629040393,False
96,0.631578947368421,6.0,0.3157894736842105,True,-0.012784163880139577,0.0255657986242185,False
97,0.631578947368421,6.0,0.631578947368421,True,0.18222969232496808,0.0323907191669933,False
98,0.631578947368421,6.0,0.9473684210526316,True,0.3232792458003477,0.0335867953590403,False
99,0.631578947368421,6.0,1.263157894736842,True,0.380471448662852,0.0252238792487821,False
100,0.9473684210526316,1.894736842105263,0.3157894736842105,True,0.027169518812888215,0.0215734270763289,False
101,0.9473684210526316,1.894736842105263,0.631578947368421,True,0.12372263422443036,0.0377875211722089,False
102,0.9473684210526316,1.894736842105263,0.9473684210526316,True,0.20572093791221807,0.0375676052719603,False
103,0.9473684210526316,1.894736842105263,1.263157894736842,True,0.2823132140948534,0.044154505199357,False
104,0.9473684210526316,1.894736842105263,1.5789473684210529,True,0.39047105046368497,0.0655729754669512,False
105,0.9473684210526316,1.894736842105263,1.894736842105263,True,0.4347163384890393,0.0887535548795842,False
106,0.9473684210526316,2.210526315789473,0.3157894736842105,True,0.08544199891291485,0.0245679886132398,False
107,0.9473684210526316,2.210526315789473,0.631578947368421,True,0.08895922322829516,0.0365624870917234,False
108,0.9473684210526316,2.210526315789473,0.9473684210526316,True,0.23034080156175912,0.0321310820257767,False
109,0.9473684210526316,2.210526315789473,1.263157894736842,True,0.3264139053730139,0.0371856684263369,False
110,0.9473684210526316,2.210526315789473,1.5789473684210529,True,0.4503551561892189,0.0562072660142652,False
111,0.9473684210526316,2.210526315789473,1.894736842105263,True,0.6176034412869048,0.0732699124249143,False
112,0.9473684210526316,2.526315789473684,0.3157894736842105,True,-0.036212045408794524,0.0312027117670766,False
113,0.9473684210526316,2.526315789473684,0.631578947368421,True,0.20248077497471528,0.0380403648344053,False
114,0.9473684210526316,2.526315789473684,0.9473684210526316,True,0.2504136897858287,0.0273829141800428,True
115,0.9473684210526316,2.526315789473684,1.263157894736842,True,0.3946526733122841,0.0286086268154212,False
116,0.9473684210526316,2.526315789473684,1.5789473684210529,True,0.4538135006351137,0.0458700860577925,False
117,0.9473684210526316,2.526315789473684,1.894736842105263,True,0.6258320091021373,0.0573902156610345,False
118,0.9473684210526316,2.8421052631578947,0.3157894736842105,True,0.11006594638388945,0.0362886532581381,False
119,0.9473684210526316,2.8421052631578947,0.631578947368421,True,0.158250322400141,0.0427166604165237,False
120,0.9473684210526316,2.8421052631578947,0.9473684210526316,True,0.2510129989473658,0.0360663525395573,False
121,0.9473684210526316,2.8421052631578947,1.263157894736842,True,0.4171385564326152,0.0324051514300951,False
122,0.9473684210526316,2.8421052631578947,1.5789473684210529,True,0.5470864325637401,0.0393277885343771,False
123,0.9473684210526316,2.8421052631578947,1.894736842105263,True,0.6336883313823526,0.044581786103794,False
124,0.9473684210526316,3.1578947368421053,0.3157894736842105,True,-0.06263767527846359,0.0396563178953618,False
125,0.9473684210526316,3.1578947368421053,0.631578947368421,True,0.18560757445661027,0.0469375524713775,False
126,0.9473684210526316,3.1578947368421053,0.9473684210526316,True,0.2282911732146652,0.043447878646679,False
127,0.9473684210526316,3.1578947368421053,1.263157894736842,True,0.36117934915927463,0.0369356893742476,False
128,0.9473684210526316,3.1578947368421053,1.5789473684210529,True,0.5183700028019229,0.0380762740356314,False
129,0.9473684210526316,3.1578947368421053,1.894736842105263,True,0.6205995029767291,0.0412525250249933,False
130,0.9473684210526316,3.4736842105263155,0.3157894736842105,True,0.02712600318877311,0.0431066878501248,False
131,0.9473684210526316,3.4736842105263155,0.631578947368421,True,0.0882747103831357,0.0489245587429964,False
132,0.9473684210526316,3.4736842105263155,0.9473684210526316,True,0.2523918917690973,0.0466730984118288,False
133,0.9473684210526316,3.4736842105263155,1.263157894736842,True,0.3581973237353892,0.0412432340103602,False
134,0.9473684210526316,3.4736842105263155,1.5789473684210529,True,0.5441526810007441,0.041828202556812,False
135,0.9473684210526316,3.4736842105263155,1.894736842105263,True,0.5698754120149087,0.0449085626533721,False
136,0.9473684210526316,3.789473684210526,0.3157894736842105,True,-0.010544594834567766,0.0445942462470799,False
137,0.9473684210526316,3.789473684210526,0.631578947368421,True,0.1284019510722558,0.0474814003009194,False
138,0.9473684210526316,3.789473684210526,0.9473684210526316,True,0.1774140484784536,0.0451706894071009,False
139,0.9473684210526316,3.789473684210526,1.263157894736842,True,0.4285814242760816,0.0425620025932461,False
140,0.9473684210526316,3.789473684210526,1.5789473684210529,True,0.47396948185478194,0.0429808494873933,False
141,0.9473684210526316,3.789473684210526,1.894736842105263,True,0.630690804240229,0.0445297513411648,False
142,0.9473684210526316,4.105263157894736,0.3157894736842105,True,-0.019592642499594186,0.0390212680899866,False
143,0.9473684210526316,4.105263157894736,0.631578947368421,True,0.07176468683137562,0.0397325499482761,False
144,0.9473684210526316,4.105263157894736,0.9473684210526316,True,0.3784352439965326,0.0338748834290174,False
145,0.9473684210526316,4.105263157894736,1.263157894736842,True,0.46135858961930637,0.0330999558412794,False
146,0.9473684210526316,4.105263157894736,1.5789473684210529,True,0.5549862136260659,0.0330359843569528,False
147,0.9473684210526316,4.105263157894736,1.894736842105263,True,0.5086782418215866,0.0334224685452727,False
148,0.9473684210526316,4.421052631578947,0.3157894736842105,True,0.07397500202553875,0.0286978913913625,False
149,0.9473684210526316,4.421052631578947,0.631578947368421,True,0.144039331164821,0.028665456315555,False
150,0.9473684210526316,4.421052631578947,0.9473684210526316,True,0.36205222025045547,0.0123254360617042,False
151,0.9473684210526316,4.421052631578947,1.263157894736842,True,0.42297851434357014,0.0155145835189484,False
152,0.9473684210526316,4.421052631578947,1.5789473684210529,True,0.5338483186862968,0.0125844191907737,False
153,0.9473684210526316,4.421052631578947,1.894736842105263,True,0.49626554699471315,0.0136658198152575,False
154,0.9473684210526316,4.7368421052631575,0.3157894736842105,True,0.08567026913916025,0.0250788176568372,False
155,0.9473684210526316,4.7368421052631575,0.631578947368421,True,0.16062451589579246,0.0276382148254304,False
156,0.9473684210526316,4.7368421052631575,0.9473684210526316,True,0.24831586094980368,0.0230071176139847,False
157,0.9473684210526316,4.7368421052631575,1.263157894736842,True,0.4586274449781675,0.0245808542580029,False
158,0.9473684210526316,4.7368421052631575,1.5789473684210529,True,0.4940345882978979,0.0223379818217684,False
159,0.9473684210526316,4.7368421052631575,1.894736842105263,True,0.5416520652990447,0.0220430476045872,False
160,0.9473684210526316,5.052631578947368,0.3157894736842105,True,-0.035912366957937515,0.0280406116832661,False
161,0.9473684210526316,5.052631578947368,0.631578947368421,True,0.15638962977611195,0.0342969437544676,False
162,0.9473684210526316,5.052631578947368,0.9473684210526316,True,0.22876319944206747,0.0387471218553768,False
163,0.9473684210526316,5.052631578947368,1.263157894736842,True,0.46768962535536346,0.039877178061416,False
164,0.9473684210526316,5.052631578947368,1.5789473684210529,True,0.5491460056532907,0.0376850881218741,False
165,0.9473684210526316,5.052631578947368,1.894736842105263,True,0.4012245137433845,0.0363898608612621,False
166,0.9473684210526316,5.368421052631579,0.3157894736842105,True,0.0731224609187629,0.023496330983808,False
167,0.9473684210526316,5.368421052631579,0.631578947368421,True,0.1331457041342074,0.0353145331260913,False
168,0.9473684210526316,5.368421052631579,0.9473684210526316,True,0.2397344275955244,0.0413239137045012,False
169,0.9473684210526316,5.368421052631579,1.263157894736842,True,0.4145053884512929,0.0427697785406053,False
170,0.9473684210526316,5.368421052631579,1.5789473684210529,True,0.5367766154783782,0.0410310214520074,False
171,0.9473684210526316,5.368421052631579,1.894736842105263,True,0.5501628425522374,0.039878630509966,False
172,0.9473684210526316,5.684210526315789,0.3157894736842105,True,-0.007818444584138502,0.0161715389417457,False
173,0.9473684210526316,5.684210526315789,0.631578947368421,True,0.16141695365557995,0.0293159209893116,False
174,0.9473684210526316,5.684210526315789,0.9473684210526316,True,0.32190870323750925,0.0296421870246223,False
175,0.9473684210526316,5.684210526315789,1.263157894736842,True,0.37102691001752214,0.031283774522706,False
176,0.9473684210526316,5.684210526315789,1.5789473684210529,True,0.5622002672614677,0.0300801813997565,False
177,0.9473684210526316,5.684210526315789,1.894736842105263,True,0.553309783064814,0.0299292552426957,False
178,0.9473684210526316,6.0,0.3157894736842105,True,0.05838165715074675,0.0261689278675505,False
179,0.9473684210526316,6.0,0.631578947368421,True,0.23647224595296407,0.0275363629950758,False
180,0.9473684210526316,6.0,0.9473684210526316,True,0.3406596546833972,0.0099314404514402,False
181,0.9473684210526316,6.0,1.263157894736842,True,0.4393702363033505,0.0141740512313503,False
182,0.9473684210526316,6.0,1.5789473684210529,True,0.4649145908166,0.0098817435301349,False
183,0.9473684210526316,6.0,1.894736842105263,True,0.5952238317550846,0.0110953574414003,False
184,1.263157894736842,2.526315789473684,0.3157894736842105,True,0.038302839366785475,0.0259519097204116,False
185,1.263157894736842,2.526315789473684,0.631578947368421,True,0.0510134673768582,0.0423080563295766,False
186,1.263157894736842,2.526315789473684,0.9473684210526316,True,0.25744960083654556,0.0517919003186538,False
187,1.263157894736842,2.526315789473684,1.263157894736842,True,0.32076706785359044,0.0564935377399063,False
188,1.263157894736842,2.526315789473684,1.5789473684210529,True,0.37662638795186937,0.0577369504848757,False
189,1.263157894736842,2.526315789473684,1.894736842105263,True,0.512302259151725,0.0561051659135016,False
190,1.263157894736842,2.526315789473684,2.210526315789473,True,0.6652439040491421,0.0672090695088173,False
191,1.263157894736842,2.526315789473684,2.526315789473684,True,0.5605846306711223,0.0937959001470627,False
192,1.263157894736842,2.8421052631578947,0.3157894736842105,True,-0.016718487837304667,0.0211590375333458,False
193,1.263157894736842,2.8421052631578947,0.631578947368421,True,0.03832382534741323,0.039714824163644,False
194,1.263157894736842,2.8421052631578947,0.9473684210526316,True,0.23967644668011032,0.0446780212128205,False
195,1.263157894736842,2.8421052631578947,1.263157894736842,True,0.3966321740684805,0.0452827337618078,False
196,1.263157894736842,2.8421052631578947,1.5789473684210529,True,0.4791447387488025,0.0411641610797713,False
197,1.263157894736842,2.8421052631578947,1.894736842105263,True,0.50138961511726,0.0244067781841219,False
198,1.263157894736842,2.8421052631578947,2.210526315789473,True,0.5609155209539394,0.0345324584530705,False
199,1.263157894736842,2.8421052631578947,2.526315789473684,True,0.6088099680179055,0.0695126949184486,False
200,1.263157894736842,3.1578947368421053,0.3157894736842105,True,0.07954656308923835,0.0352530086298575,False
201,1.263157894736842,3.1578947368421053,0.631578947368421,True,0.14359171045202837,0.0453678643011245,False
202,1.263157894736842,3.1578947368421053,0.9473684210526316,True,0.21429786086784178,0.0442473393688986,False
203,1.263157894736842,3.1578947368421053,1.263157894736842,True,0.30161840116931266,0.0421015796651074,False
204,1.263157894736842,3.1578947368421053,1.5789473684210529,True,0.41018833373665636,0.0387662093063429,False
205,1.263157894736842,3.1578947368421053,1.894736842105263,True,0.5982088872492037,0.0232029659567684,False
206,1.263157894736842,3.1578947368421053,2.210526315789473,True,0.5187449907148984,0.028477125807615,False
207,1.263157894736842,3.1578947368421053,2.526315789473684,True,0.5796750420943926,0.0588270406716886,False
208,1.263157894736842,3.4736842105263155,0.3157894736842105,True,0.06346326815020384,0.0459210294857646,False
209,1.263157894736842,3.4736842105263155,0.631578947368421,True,0.13723745620676425,0.0510528959491201,False
210,1.263157894736842,3.4736842105263155,0.9473684210526316,True,0.23330415034839855,0.0477856119930385,False
211,1.263157894736842,3.4736842105263155,1.263157894736842,True,0.37683752533688075,0.0456664434884628,False
212,1.263157894736842,3.4736842105263155,1.5789473684210529,True,0.5022642519948691,0.0457266223608714,False
213,1.263157894736842,3.4736842105263155,1.894736842105263,True,0.4949510111445458,0.0420309535986943,False
214,1.263157894736842,3.4736842105263155,2.210526315789473,True,0.5743943190130243,0.0444016633406383,False
215,1.263157894736842,3.4736842105263155,2.526315789473684,True,0.6717551924066456,0.0596306126126071,False
216,1.263157894736842,3.789473684210526,0.3157894736842105,True,-0.002922102798488792,0.0480850303548449,False
217,1.263157894736842,3.789473684210526,0.631578947368421,True,0.07329523028595955,0.0507727308499658,False
218,1.263157894736842,3.789473684210526,0.9473684210526316,True,0.3242326757424495,0.0475970466418191,False
219,1.263157894736842,3.789473684210526,1.263157894736842,True,0.45966739083810393,0.0463976084862213,False
220,1.263157894736842,3.789473684210526,1.5789473684210529,True,0.517677047490437,0.0472369163887109,False
221,1.263157894736842,3.789473684210526,1.894736842105263,True,0.5843822314129937,0.0469700882479397,False
222,1.263157894736842,3.789473684210526,2.210526315789473,True,0.5769997679888128,0.0495783824705397,False
223,1.263157894736842,3.789473684210526,2.526315789473684,True,0.5533977641182316,0.0601490246291019,False
224,1.263157894736842,4.105263157894736,0.3157894736842105,True,0.10559254453827856,0.0410649789729758,False
225,1.263157894736842,4.105263157894736,0.631578947368421,True,0.21866917593499047,0.0424942501081977,False
226,1.263157894736842,4.105263157894736,0.9473684210526316,True,0.22188898848463667,0.0380317311437023,False
227,1.263157894736842,4.105263157894736,1.263157894736842,True,0.4459215658951816,0.0374126372715828,False
228,1.263157894736842,4.105263157894736,1.5789473684210529,True,0.5961187694315568,0.0376439445990023,True
229,1.263157894736842,4.105263157894736,1.894736842105263,True,0.5765640831980556,0.0376249933356115,False
230,1.263157894736842,4.105263157894736,2.210526315789473,True,0.5710920099887806,0.0417803171375901,False
231,1.263157894736842,4.105263157894736,2.526315789473684,True,0.6432163283646576,0.0552562871680378,False
232,1.263157894736842,4.421052631578947,0.3157894736842105,True,-0.016980649571753246,0.028290641790532,False
233,1.263157894736842,4.421052631578947,0.631578947368421,True,0.13167212685887156,0.0299473252699021,False
234,1.263157894736842,4.421052631578947,0.9473684210526316,True,0.1909720691223828,0.0243123200299756,False
235,1.263157894736842,4.421052631578947,1.263157894736842,True,0.3346039317590295,0.0246267517388502,False
236,1.263157894736842,4.421052631578947,1.5789473684210529,True,0.5944504555042642,0.0238895366601352,False
237,1.263157894736842,4.421052631578947,1.894736842105263,True,0.49935828418140016,0.0237969461390841,False
238,1.263157894736842,4.421052631578947,2.210526315789473,True,0.529713947689897,0.0301055940622732,False
239,1.263157894736842,4.421052631578947,2.526315789473684,True,0.5518620678713763,0.0482523486090311,False
240,1.263157894736842,4.7368421052631575,0.3157894736842105,True,-0.06126910899023689,0.0147729754570227,False
241,1.263157894736842,4.7368421052631575,0.631578947368421,True,0.07340702068476163,0.0238427222673632,False
242,1.263157894736842,4.7368421052631575,0.9473684210526316,True,0.2940817980322821,0.0281386288593408,False
243,1.263157894736842,4.7368421052631575,1.263157894736842,True,0.4186423761282054,0.0304423337036702,False
244,1.263157894736842,4.7368421052631575,1.5789473684210529,True,0.6047309896932744,0.0301428541845192,False
245,1.263157894736842,4.7368421052631575,1.894736842105263,True,0.5429038791354676,0.0298900895121292,False
246,1.263157894736842,4.7368421052631575,2.210526315789473,True,0.6000805498318376,0.0328412556494414,False
247,1.263157894736842,4.7368421052631575,2.526315789473684,True,0.6248427778604936,0.0454983072574134,False
248,1.263157894736842,5.052631578947368,0.3157894736842105,True,0.055802574772467466,0.0202213225755596,False
249,1.263157894736842,5.052631578947368,0.631578947368421,True,0.17052457477338065,0.0311655225203231,False
250,1.263157894736842,5.052631578947368,0.9473684210526316,True,0.20918739654285667,0.0401907193228246,True
251,1.263157894736842,5.052631578947368,1.263157894736842,True,0.4509547594684611,0.0433666375310551,False
252,1.263157894736842,5.052631578947368,1.5789473684210529,True,0.5360942506095329,0.043370416194819,False
253,1.263157894736842,5.052631578947368,1.894736842105263,True,0.5205944325175991,0.0422090949261529,False
254,1.263157894736842,5.052631578947368,2.210526315789473,True,0.46839424255249085,0.0406388863071476,False
255,1.263157894736842,5.052631578947368,2.526315789473684,True,0.6236014213993655,0.0442180794267886,False
256,1.263157894736842,5.368421052631579,0.3157894736842105,True,-0.0021657339783666928,0.026783934057315,False
257,1.263157894736842,5.368421052631579,0.631578947368421,True,0.13076234831347777,0.0369027960669475,False
258,1.263157894736842,5.368421052631579,0.9473684210526316,True,0.26638072433149196,0.0433833625305624,False
259,1.263157894736842,5.368421052631579,1.263157894736842,True,0.35849764218756336,0.0461719941221142,False
260,1.263157894736842,5.368421052631579,1.5789473684210529,True,0.5409626649851607,0.0460689822481696,False
261,1.263157894736842,5.368421052631579,1.894736842105263,True,0.5262925095630979,0.0441955181615379,False
262,1.263157894736842,5.368421052631579,2.210526315789473,True,0.5154992254151796,0.038401758463602,False
263,1.263157894736842,5.368421052631579,2.526315789473684,True,0.6816683541941181,0.034830325380026,False
264,1.263157894736842,5.684210526315789,0.3157894736842105,True,0.03611161300662773,0.0267525112961461,False
265,1.263157894736842,5.684210526315789,0.631578947368421,True,0.08489927183456551,0.0341405432707097,False
266,1.263157894736842,5.684210526315789,0.9473684210526316,True,0.32154495901283,0.0344706837906269,False
267,1.263157894736842,5.684210526315789,1.263157894736842,True,0.45709539147095546,0.0362647949229807,False
268,1.263157894736842,5.684210526315789,1.5789473684210529,True,0.4925926436510275,0.0362093480920559,False
269,1.263157894736842,5.684210526315789,1.894736842105263,True,0.6434641067051985,0.0348193413683162,False
270,1.263157894736842,5.684210526315789,2.210526315789473,True,0.6634457275103653,0.026560674387197,False
271,1.263157894736842,5.684210526315789,2.526315789473684,True,0.6938405149236037,0.0174216647277312,False
272,1.263157894736842,6.0,0.3157894736842105,True,0.01689700071048686,0.0310152477066834,False
273,1.263157894736842,6.0,0.631578947368421,True,0.2314901369821606,0.0319076957799561,False
274,1.263157894736842,6.0,0.9473684210526316,True,0.355830194730443,0.0230898449882619,False
275,1.263157894736842,6.0,1.263157894736842,True,0.4258779533814869,0.0231963487806458,False
276,1.263157894736842,6.0,1.5789473684210529,True,0.5149816855947501,0.0224786777600931,False
277,1.263157894736842,6.0,1.894736842105263,True,0.5934106524941402,0.0222849430346763,False
278,1.263157894736842,6.0,2.210526315789473,True,0.713865418772005,0.0224461775066613,False
279,1.263157894736842,6.0,2.526315789473684,True,0.6901769266433342,0.0294885283606678,False
280,1.5789473684210529,3.1578947368421053,0.3157894736842105,True,0.022132330305876684,0.0290236895010533,False
281,1.5789473684210529,3.1578947368421053,0.631578947368421,True,0.09490665580584483,0.0357193479404159,True
282,1.5789473684210529,3.1578947368421053,0.9473684210526316,True,0.18871204550240056,0.0200284993425845,False
283,1.5789473684210529,3.1578947368421053,1.263157894736842,True,0.30423574682509336,0.0213133956687454,False
284,1.5789473684210529,3.1578947368421053,1.5789473684210529,True,0.40585974818650056,0.0435285771327042,False
285,1.5789473684210529,3.1578947368421053,1.894736842105263,True,0.4936303400902488,0.0511595473186541,False
286,1.5789473684210529,3.1578947368421053,2.210526315789473,True,0.5290362885934489,0.0527179094481678,False
287,1.5789473684210529,3.1578947368421053,2.526315789473684,True,0.5908702018172484,0.0583641296649967,False
288,1.5789473684210529,3.1578947368421053,2.8421052631578947,True,0.5583045027537195,0.0753695433271283,False
289,1.5789473684210529,3.1578947368421053,3.1578947368421053,True,0.6326220895610108,0.1044636082351678,False
290,1.5789473684210529,3.4736842105263155,0.3157894736842105,True,0.017449964542920134,0.0359050894495772,False
291,1.5789473684210529,3.4736842105263155,0.631578947368421,True,0.1031052242111338,0.0401485920740928,False
292,1.5789473684210529,3.4736842105263155,0.9473684210526316,True,0.17958658969299646,0.027233610046549,False
293,1.5789473684210529,3.4736842105263155,1.263157894736842,True,0.3712899215932209,0.026362142853717,False
294,1.5789473684210529,3.4736842105263155,1.5789473684210529,True,0.4193006318857197,0.0429035311370636,False
295,1.5789473684210529,3.4736842105263155,1.894736842105263,True,0.5757250109372858,0.0496988265323285,False
296,1.5789473684210529,3.4736842105263155,2.210526315789473,True,0.5782250641665184,0.048335584605701,False
297,1.5789473684210529,3.4736842105263155,2.526315789473684,True,0.6725563036870416,0.0450305414483512,False
298,1.5789473684210529,3.4736842105263155,2.8421052631578947,True,0.692970206318115,0.0549482131136587,False
299,1.5789473684210529,3.4736842105263155,3.1578947368421053,True,0.7875220483145139,0.0843108970052016,False
300,1.5789473684210529,3.789473684210526,0.3157894736842105,True,0.1072934768852889,0.0402041674883551,False
301,1.5789473684210529,3.789473684210526,0.631578947368421,True,0.023822996662657484,0.0437244991447009,False
302,1.5789473684210529,3.789473684210526,0.9473684210526316,True,0.3337901835322383,0.0383638800754444,False
303,1.5789473684210529,3.789473684210526,1.263157894736842,True,0.41274901047759965,0.037977698224611,False
304,1.5789473684210529,3.789473684210526,1.5789473684210529,True,0.475717810453415,0.043847835261123,False
305,1.5789473684210529,3.789473684210526,1.894736842105263,True,0.482394432174465,0.0470771342619451,False
306,1.5789473684210529,3.789473684210526,2.210526315789473,True,0.6073534893151166,0.0458022989393903,False
307,1.5789473684210529,3.789473684210526,2.526315789473684,True,0.6405723957128932,0.0413864361915386,False
308,1.5789473684210529,3.789473684210526,2.8421052631578947,True,0.593510400099612,0.0467347473543989,False
309,1.5789473684210529,3.789473684210526,3.1578947368421053,True,0.7042067995131746,0.0735060156931166,False
310,1.5789473684210529,4.105263157894736,0.3157894736842105,True,0.07509428915880743,0.0370803590372638,False
311,1.5789473684210529,4.105263157894736,0.631578947368421,True,0.13276789225253555,0.0390389194398217,False
312,1.5789473684210529,4.105263157894736,0.9473684210526316,True,0.24608598384941038,0.0332332281934997,False
313,1.5789473684210529,4.105263157894736,1.263157894736842,True,0.3700922656230478,0.0331033663350568,False
314,1.5789473684210529,4.105263157894736,1.5789473684210529,True,0.5214971141438637,0.033970303713903,False
315,1.5789473684210529,4.105263157894736,1.894736842105263,True,0.5310046720795167,0.0347136658690521,False
316,1.5789473684210529,4.105263157894736,2.210526315789473,True,0.6039978631629978,0.036383948272165,False
317,1.5789473684210529,4.105263157894736,2.526315789473684,True,0.6501183535470584,0.0389269852313537,False
318,1.5789473684210529,4.105263157894736,2.8421052631578947,True,0.6654176046542878,0.0452059193410698,False
319,1.5789473684210529,4.105263157894736,3.1578947368421053,True,0.7767335582696832,0.068435267974217,False
320,1.5789473684210529,4.421052631578947,0.3157894736842105,True,0.004613629712571397,0.0299677303218095,False
321,1.5789473684210529,4.421052631578947,0.631578947368421,True,0.10739845159613097,0.0305684257323045,False
322,1.5789473684210529,4.421052631578947,0.9473684210526316,True,0.27157657677476527,0.0161243797408027,False
323,1.5789473684210529,4.421052631578947,1.263157894736842,True,0.39959029496006787,0.0181341562994099,False
324,1.5789473684210529,4.421052631578947,1.5789473684210529,True,0.493578180917936,0.0152594982349257,False
325,1.5789473684210529,4.421052631578947,1.894736842105263,True,0.6859664919524018,0.0157355390876645,False
326,1.5789473684210529,4.421052631578947,2.210526315789473,True,0.6191453504594238,0.021774081793665,False
327,1.5789473684210529,4.421052631578947,2.526315789473684,True,0.5924997710179601,0.0300557879894612,False
328,1.5789473684210529,4.421052631578947,2.8421052631578947,True,0.7339471834906706,0.0367287122875728,False
329,1.5789473684210529,4.421052631578947,3.1578947368421053,True,0.7796449246079593,0.0620349309250275,False
330,1.5789473684210529,4.7368421052631575,0.3157894736842105,True,0.03591393516725594,0.0279715389059124,False
331,1.5789473684210529,4.7368421052631575,0.631578947368421,True,0.06148607027508811,0.0319188644743252,False
332,1.5789473684210529,4.7368421052631575,0.9473684210526316,True,0.195239182700514,0.0252099648965422,False
333,1.5789473684210529,4.7368421052631575,1.263157894736842,True,0.31107205332130033,0.026336579590095,False
334,1.5789473684210529,4.7368421052631575,1.5789473684210529,True,0.5575345356934006,0.0249900012579735,False
335,1.5789473684210529,4.7368421052631575,1.894736842105263,True,0.5327712236473756,0.0249148757141346,False
336,1.5789473684210529,4.7368421052631575,2.210526315789473,True,0.6658247036074925,0.0256050307012877,False
337,1.5789473684210529,4.7368421052631575,2.526315789473684,True,0.6689858646517238,0.0229740137268206,False
338,1.5789473684210529,4.7368421052631575,2.8421052631578947,True,0.7165755115403901,0.0244941561438027,False
339,1.5789473684210529,4.7368421052631575,3.1578947368421053,True,0.7656326708541391,0.0551744145221705,False
340,1.5789473684210529,5.052631578947368,0.3157894736842105,True,-0.030627020470380482,0.0320908664294434,False
341,1.5789473684210529,5.052631578947368,0.631578947368421,True,0.09431467554308479,0.0386752048427109,False
342,1.5789473684210529,5.052631578947368,0.9473684210526316,True,0.1497762325897363,0.0396092237601915,False
343,1.5789473684210529,5.052631578947368,1.263157894736842,True,0.35956641670277084,0.040273059265963,False
344,1.5789473684210529,5.052631578947368,1.5789473684210529,True,0.5622316798950964,0.0385257047643836,False
345,1.5789473684210529,5.052631578947368,1.894736842105263,True,0.62577279078683,0.0373290010986641,False
346,1.5789473684210529,5.052631578947368,2.210526315789473,True,0.6763511314107704,0.0362134461535187,False
347,1.5789473684210529,5.052631578947368,2.526315789473684,True,0.6139313827067538,0.0304250047526588,False
348,1.5789473684210529,5.052631578947368,2.8421052631578947,True,0.7351214889723735,0.0309373717502619,False
349,1.5789473684210529,5.052631578947368,3.1578947368421053,True,0.6783629904980397,0.052758032831959,False
350,1.5789473684210529,5.368421052631579,0.3157894736842105,True,-0.012320428664155864,0.0328519537933059,False
351,1.5789473684210529,5.368421052631579,0.631578947368421,True,0.02387462965732852,0.0390458018744568,False
352,1.5789473684210529,5.368421052631579,0.9473684210526316,True,0.2412445643972715,0.040563578189017,False
353,1.5789473684210529,5.368421052631579,1.263157894736842,True,0.3804754489639556,0.0411229823430569,False
354,1.5789473684210529,5.368421052631579,1.5789473684210529,True,0.5040486056228823,0.0369567209746523,False
355,1.5789473684210529,5.368421052631579,1.894736842105263,True,0.6224616035361796,0.0347955418592631,False
356,1.5789473684210529,5.368421052631579,2.210526315789473,True,0.660528264942666,0.0359372395533713,False
357,1.5789473684210529,5.368421052631579,2.526315789473684,True,0.5883498781051355,0.0336687637435326,False
358,1.5789473684210529,5.368421052631579,2.8421052631578947,True,0.7204710231058339,0.0366964200164592,False
359,1.5789473684210529,5.368421052631579,3.1578947368421053,True,0.630839226589509,0.0484295305165458,False
360,1.5789473684210529,5.684210526315789,0.3157894736842105,True,0.04427210211522177,0.0293587152312335,False
361,1.5789473684210529,5.684210526315789,0.631578947368421,True,0.08543282091086422,0.032098892568138,False
362,1.5789473684210529,5.684210526315789,0.9473684210526316,True,0.18838886645730035,0.027916257906565,False
363,1.5789473684210529,5.684210526315789,1.263157894736842,True,0.28859387658628144,0.0290746397683905,False
364,1.5789473684210529,5.684210526315789,1.5789473684210529,True,0.4127412178309347,0.0227516172441139,False
365,1.5789473684210529,5.684210526315789,1.894736842105263,True,0.6183267173913646,0.0204452687350418,False
366,1.5789473684210529,5.684210526315789,2.210526315789473,True,0.7118369642294138,0.0260084735157692,False
367,1.5789473684210529,5.684210526315789,2.526315789473684,True,0.6604287669219592,0.0278057331710004,False
368,1.5789473684210529,5.684210526315789,2.8421052631578947,True,0.684568489331568,0.0310113310273242,False
369,1.5789473684210529,5.684210526315789,3.1578947368421053,True,0.7791210948605606,0.0325038369692719,False
370,1.5789473684210529,6.0,0.3157894736842105,True,0.11692585490320824,0.0286067639876196,False
371,1.5789473684210529,6.0,0.631578947368421,True,0.14524589775796776,0.0284258467622276,False
372,1.5789473684210529,6.0,0.9473684210526316,True,0.1969811801220026,0.0121656434868035,False
373,1.5789473684210529,6.0,1.263157894736842,True,0.4339735203360623,0.0165402478377319,False
374,1.5789473684210529,6.0,1.5789473684210529,True,0.5857247130100085,0.0120957014849127,False
375,1.5789473684210529,6.0,1.894736842105263,True,0.6800091743739409,0.0117879445150333,False
376,1.5789473684210529,6.0,2.210526315789473,True,0.6212715116995187,0.0196143789761011,False
377,1.5789473684210529,6.0,2.526315789473684,True,0.7455454103552643,0.0290138756122017,False
378,1.5789473684210529,6.0,2.8421052631578947,True,0.8256673228433569,0.0280961778402911,False
379,1.5789473684210529,6.0,3.1578947368421053,True,0.6148564702527428,0.0079199630464026,False
380,1.894736842105263,3.789473684210526,0.3157894736842105,True,-0.005974356067765526,0.0230826037592515,False
381,1.894736842105263,3.789473684210526,0.631578947368421,True,0.09855791144743896,0.0411288779460271,False
382,1.894736842105263,3.789473684210526,0.9473684210526316,True,0.19068044321717809,0.0489575474488003,False
383,1.894736842105263,3.789473684210526,1.263157894736842,True,0.2775543114663318,0.04879661911813,False
384,1.894736842105263,3.789473684210526,1.5789473684210529,True,0.438312975399793,0.0454461671595567,False
385,1.894736842105263,3.789473684210526,1.894736842105263,True,0.5971669706208087,0.045074067439286,False
386,1.894736842105263,3.789473684210526,2.210526315789473,True,0.6233587527725526,0.0444539945604468,False
387,1.894736842105263,3.789473684210526,2.526315789473684,True,0.6985953341671509,0.0303825732877968,False
388,1.894736842105263,3.789473684210526,2.8421052631578947,True,0.7623647382300576,0.0233380436722873,False
389,1.894736842105263,3.789473684210526,3.1578947368421053,True,0.6784501070144024,0.0599373016761776,False
390,1.894736842105263,3.789473684210526,3.4736842105263155,True,0.7543158434429411,0.0975124088466184,False
391,1.894736842105263,3.789473684210526,3.789473684210526,True,0.7597815150566158,0.1308803328650927,False
392,1.894736842105263,4.105263157894736,0.3157894736842105,True,0.0872939517412755,0.0254669367701098,False
393,1.894736842105263,4.105263157894736,0.631578947368421,True,0.12392461609782415,0.0405956883983415,False
394,1.894736842105263,4.105263157894736,0.9473684210526316,True,0.23304452022374053,0.0473828026063863,False
395,1.894736842105263,4.105263157894736,1.263157894736842,True,0.3378306457316737,0.0441218586538761,False
396,1.894736842105263,4.105263157894736,1.5789473684210529,True,0.39946175451026955,0.0322447152621447,False
397,1.894736842105263,4.105263157894736,1.894736842105263,True,0.5468553639925572,0.0283870945422734,False
398,1.894736842105263,4.105263157894736,2.210526315789473,True,0.571899865706174,0.0374423459660227,False
399,1.894736842105263,4.105263157894736,2.526315789473684,True,0.7489161185772609,0.035985024416912,False
400,1.894736842105263,4.105263157894736,2.8421052631578947,True,0.7792693085953926,0.0346439487986446,False
401,1.894736842105263,4.105263157894736,3.1578947368421053,True,0.7089053303991351,0.057735166409859,False
402,1.894736842105263,4.105263157894736,3.4736842105263155,True,0.7897595831408631,0.0885855274240522,False
403,1.894736842105263,4.105263157894736,3.789473684210526,True,0.769389402189101,0.1174498452711651,False
404,1.894736842105263,4.421052631578947,0.3157894736842105,True,-0.027635904037136314,0.0333591845430945,False
405,1.894736842105263,4.421052631578947,0.631578947368421,True,-0.004198187926911977,0.0433010925986111,False
406,1.894736842105263,4.421052631578947,0.9473684210526316,True,0.23849694010406863,0.0465704590948087,False
407,1.894736842105263,4.421052631578947,1.263157894736842,True,0.271236378169856,0.0426548444439188,False
408,1.894736842105263,4.421052631578947,1.5789473684210529,True,0.4616058869343557,0.0310867854171493,False
409,1.894736842105263,4.421052631578947,1.894736842105263,True,0.5195675736913025,0.0273571361020329,False
410,1.894736842105263,4.421052631578947,2.210526315789473,True,0.7053473349322009,0.0373897254010135,False
411,1.894736842105263,4.421052631578947,2.526315789473684,True,0.7177160125647445,0.0391496133206744,False
412,1.894736842105263,4.421052631578947,2.8421052631578947,True,0.629010403192018,0.0390232238282711,False
413,1.894736842105263,4.421052631578947,3.1578947368421053,True,0.7883889796079785,0.0569018822078577,False
414,1.894736842105263,4.421052631578947,3.4736842105263155,True,0.8864352713845134,0.0828543169417715,False
415,1.894736842105263,4.421052631578947,3.789473684210526,True,0.7694845933110191,0.1075814665253523,False
416,1.894736842105263,4.7368421052631575,0.3157894736842105,True,0.006693858395085997,0.0359957762069229,False
417,1.894736842105263,4.7368421052631575,0.631578947368421,True,0.10633552600168317,0.0450488772127552,False
418,1.894736842105263,4.7368421052631575,0.9473684210526316,True,0.11110381495881251,0.0474312412836696,False
419,1.894736842105263,4.7368421052631575,1.263157894736842,True,0.279967561373127,0.0459111147880878,False
420,1.894736842105263,4.7368421052631575,1.5789473684210529,True,0.43824978779006385,0.0407008552399519,False
421,1.894736842105263,4.7368421052631575,1.894736842105263,True,0.47471613863025947,0.0388061764337517,False
422,1.894736842105263,4.7368421052631575,2.210526315789473,True,0.6504492659144915,0.0416217176332133,False
423,1.894736842105263,4.7368421052631575,2.526315789473684,True,0.7297156651256189,0.0386358226627795,False
424,1.894736842105263,4.7368421052631575,2.8421052631578947,True,0.7800552622895595,0.0368422149565496,False
425,1.894736842105263,4.7368421052631575,3.1578947368421053,True,0.7593508447835027,0.0542226298788667,False
426,1.894736842105263,4.7368421052631575,3.4736842105263155,True,0.8932811965096759,0.0776053347183908,False
427,1.894736842105263,4.7368421052631575,3.789473684210526,True,0.7565086355918121,0.0994669002433453,False
428,1.894736842105263,5.052631578947368,0.3157894736842105,True,0.0362386591515643,0.0361067275100827,False
429,1.894736842105263,5.052631578947368,0.631578947368421,True,-0.04021296205918381,0.0428517389200367,False
430,1.894736842105263,5.052631578947368,0.9473684210526316,True,0.008168352694174152,0.0455033756736476,False
431,1.894736842105263,5.052631578947368,1.263157894736842,True,0.25217741428846613,0.0469543637428186,False
432,1.894736842105263,5.052631578947368,1.5789473684210529,True,0.2886951948245433,0.044409573298721,False
433,1.894736842105263,5.052631578947368,1.894736842105263,True,0.5370670419081246,0.0425850451932264,False
434,1.894736842105263,5.052631578947368,2.210526315789473,True,0.6607128909412295,0.0438255431243745,False
435,1.894736842105263,5.052631578947368,2.526315789473684,True,0.6667241529198149,0.0414723156292847,False
436,1.894736842105263,5.052631578947368,2.8421052631578947,True,0.768669308195977,0.0411488992967967,False
437,1.894736842105263,5.052631578947368,3.1578947368421053,True,0.7863233125619935,0.0535715719491315,False
438,1.894736842105263,5.052631578947368,3.4736842105263155,True,0.867894233837343,0.0717465462771516,False
439,1.894736842105263,5.052631578947368,3.789473684210526,True,0.8638117043892504,0.0911105655752136,False
440,1.894736842105263,5.368421052631579,0.3157894736842105,True,-0.09849521564263292,0.0312394700788509,False
441,1.894736842105263,5.368421052631579,0.631578947368421,True,-0.08344586475192826,0.0326716128069383,False
442,1.894736842105263,5.368421052631579,0.9473684210526316,True,0.023464307164365355,0.0346199646782893,False
443,1.894736842105263,5.368421052631579,1.263157894736842,True,0.28066325567921785,0.0407172320619372,False
444,1.894736842105263,5.368421052631579,1.5789473684210529,True,0.34154316122172806,0.0373793700559534,False
445,1.894736842105263,5.368421052631579,1.894736842105263,True,0.5750552857262708,0.0338697711750649,False
446,1.894736842105263,5.368421052631579,2.210526315789473,True,0.6151901256323524,0.0387602373472351,False
447,1.894736842105263,5.368421052631579,2.526315789473684,True,0.6681909349817777,0.0415759408168386,False
448,1.894736842105263,5.368421052631579,2.8421052631578947,True,0.7817088450805718,0.0446699853974686,False
449,1.894736842105263,5.368421052631579,3.1578947368421053,True,0.7751327787015215,0.0508852142967896,False
450,1.894736842105263,5.368421052631579,3.4736842105263155,True,0.7992385063980554,0.0617960342201093,False
451,1.894736842105263,5.368421052631579,3.789473684210526,True,0.834522877560522,0.0797869208411656,False
452,1.894736842105263,5.684210526315789,0.3157894736842105,True,-0.05850710514154844,0.0249401358313835,False
453,1.894736842105263,5.684210526315789,0.631578947368421,True,-0.18225315283833624,0.0171847041168794,False
454,1.894736842105263,5.684210526315789,0.9473684210526316,True,0.023272105195980372,0.0165007734801015,False
455,1.894736842105263,5.684210526315789,1.263157894736842,True,0.235150608106015,0.0325689763792418,False
456,1.894736842105263,5.684210526315789,1.5789473684210529,True,0.450310542189822,0.0282068474258888,False
457,1.894736842105263,5.684210526315789,1.894736842105263,True,0.5863170430485632,0.0206472620601773,False
458,1.894736842105263,5.684210526315789,2.210526315789473,True,0.6266006474862296,0.0271129466090222,False
459,1.894736842105263,5.684210526315789,2.526315789473684,True,0.7573858102465147,0.0306217860586861,False
460,1.894736842105263,5.684210526315789,2.8421052631578947,True,0.8058110447416054,0.0378400571197061,False
461,1.894736842105263,5.684210526315789,3.1578947368421053,True,0.7041136949626557,0.0398535870286978,False
462,1.894736842105263,5.684210526315789,3.4736842105263155,True,0.8323287052336262,0.0441060791531599,False
463,1.894736842105263,5.684210526315789,3.789473684210526,True,0.8315286593239088,0.0647041568698618,False
464,1.894736842105263,6.0,0.3157894736842105,True,0.056153373931543155,0.0271951816821731,False
465,1.894736842105263,6.0,0.631578947368421,True,-0.06348388636344775,0.0269091865628298,False
466,1.894736842105263,6.0,0.9473684210526316,True,0.06012465055160976,0.0278689583038367,False
467,1.894736842105263,6.0,1.263157894736842,True,0.30768426385723635,0.0379620349882784,False
468,1.894736842105263,6.0,1.5789473684210529,True,0.4129720323279881,0.0370118692348453,False
469,1.894736842105263,6.0,1.894736842105263,True,0.6723947566143451,0.0309543044800126,False
470,1.894736842105263,6.0,2.210526315789473,True,0.5996468083550885,0.024006563043609,False
471,1.894736842105263,6.0,2.526315789473684,True,0.6805545614755042,0.013130721738377,False
472,1.894736842105263,6.0,2.8421052631578947,True,0.794513565801956,0.0276642718835924,False
473,1.894736842105263,6.0,3.1578947368421053,True,0.7659483351091152,0.0278407306825876,False
474,1.894736842105263,6.0,3.4736842105263155,True,0.7630526395304076,0.0278198708647097,False
475,1.894736842105263,6.0,3.789473684210526,True,0.8257418168255902,0.054553062235598,False
476,2.210526315789473,4.421052631578947,0.3157894736842105,True,0.10520710645612581,0.0341401975983446,False
477,2.210526315789473,4.421052631578947,0.631578947368421,True,-0.02615514908804637,0.0479687761507324,False
478,2.210526315789473,4.421052631578947,0.9473684210526316,True,0.0883791114103327,0.0549136309494944,False
479,2.210526315789473,4.421052631578947,1.263157894736842,True,0.1820482605550951,0.0506499011062277,False
480,2.210526315789473,4.421052631578947,1.5789473684210529,True,0.38109987369980086,0.0370051692982483,False
481,2.210526315789473,4.421052631578947,1.894736842105263,True,0.5247212334892398,0.0331549620562202,False
482,2.210526315789473,4.421052631578947,2.210526315789473,True,0.6414613570352731,0.0470001827025841,False
483,2.210526315789473,4.421052631578947,2.526315789473684,True,0.7327542474096708,0.0555919114575854,False
484,2.210526315789473,4.421052631578947,2.8421052631578947,True,0.7523216257438584,0.0580624249063737,False
485,2.210526315789473,4.421052631578947,3.1578947368421053,True,0.7302285769280098,0.0627881318932263,False
486,2.210526315789473,4.421052631578947,3.4736842105263155,True,0.7405135571600961,0.0738093270339555,False
487,2.210526315789473,4.421052631578947,3.789473684210526,True,0.7781584221661728,0.0861261421368818,False
488,2.210526315789473,4.421052631578947,4.105263157894736,True,0.8621572325350277,0.09907133198133,False
489,2.210526315789473,4.421052631578947,4.421052631578947,True,0.8990886818476489,0.1204487931025374,False
490,2.210526315789473,4.7368421052631575,0.3157894736842105,True,-0.008586528970434234,0.0347434433782632,False
491,2.210526315789473,4.7368421052631575,0.631578947368421,True,0.02713348315300619,0.0452680515286822,False
492,2.210526315789473,4.7368421052631575,0.9473684210526316,True,0.09238117711106515,0.0502012244727959,False
493,2.210526315789473,4.7368421052631575,1.263157894736842,True,0.22687413304730747,0.048476752361579,False
494,2.210526315789473,4.7368421052631575,1.5789473684210529,True,0.3759479598763426,0.043361262610092,False
495,2.210526315789473,4.7368421052631575,1.894736842105263,True,0.44548747779231446,0.0417373015917243,False
496,2.210526315789473,4.7368421052631575,2.210526315789473,True,0.6757659492038228,0.0464361380494343,False
497,2.210526315789473,4.7368421052631575,2.526315789473684,True,0.7113400472886212,0.0505635549871484,False
498,2.210526315789473,4.7368421052631575,2.8421052631578947,True,0.7343177669115074,0.0522441289362617,False
499,2.210526315789473,4.7368421052631575,3.1578947368421053,True,0.6746858663703618,0.0554617026163799,False
500,2.210526315789473,4.7368421052631575,3.4736842105263155,True,0.6934080921714532,0.0646380075496778,False
501,2.210526315789473,4.7368421052631575,3.789473684210526,True,0.830155788958605,0.0743424935594315,False
502,2.210526315789473,4.7368421052631575,4.105263157894736,True,0.900657256606034,0.0832241466560562,False
503,2.210526315789473,4.7368421052631575,4.421052631578947,True,0.7534441771304573,0.1020355490525951,False
504,2.210526315789473,5.052631578947368,0.3157894736842105,True,0.0033079234919888706,0.0328350226935821,False
505,2.210526315789473,5.052631578947368,0.631578947368421,True,0.012783078764148564,0.0412638517342761,False
506,2.210526315789473,5.052631578947368,0.9473684210526316,True,0.03607334713463332,0.0446360667871655,False
507,2.210526315789473,5.052631578947368,1.263157894736842,True,0.2576348488371825,0.0455535777536004,False
508,2.210526315789473,5.052631578947368,1.5789473684210529,True,0.3929469509755886,0.0453404179353369,False
509,2.210526315789473,5.052631578947368,1.894736842105263,True,0.4905508524844523,0.0432000159430106,False
510,2.210526315789473,5.052631578947368,2.210526315789473,True,0.7215012936497756,0.0429923865640575,False
511,2.210526315789473,5.052631578947368,2.526315789473684,True,0.7069349330151967,0.0457026312591352,False
512,2.210526315789473,5.052631578947368,2.8421052631578947,True,0.6802166177479722,0.0492431207077233,False
513,2.210526315789473,5.052631578947368,3.1578947368421053,True,0.8032051321245307,0.0522420826796257,False
514,2.210526315789473,5.052631578947368,3.4736842105263155,True,0.7460159068978064,0.0592261503336101,False
515,2.210526315789473,5.052631578947368,3.789473684210526,True,0.8120931308748924,0.0677949108171522,False
516,2.210526315789473,5.052631578947368,4.105263157894736,True,0.8468538851938205,0.0755097887551054,False
517,2.210526315789473,5.052631578947368,4.421052631578947,True,0.7572807522552251,0.092440672041384,False
518,2.210526315789473,5.368421052631579,0.3157894736842105,True,-0.09899376679426862,0.0293830209962783,False
519,2.210526315789473,5.368421052631579,0.631578947368421,True,-0.132337673400334,0.0367820237282909,False
520,2.210526315789473,5.368421052631579,0.9473684210526316,True,0.023888393505659272,0.0390820807375365,False
521,2.210526315789473,5.368421052631579,1.263157894736842,True,0.17835711418196526,0.0413875233522131,False
522,2.210526315789473,5.368421052631579,1.5789473684210529,True,0.37631262612111316,0.0401631331189914,False
523,2.210526315789473,5.368421052631579,1.894736842105263,True,0.45376763314581886,0.0329493645595821,False
524,2.210526315789473,5.368421052631579,2.210526315789473,True,0.5668195121571525,0.0333487494832691,False
525,2.210526315789473,5.368421052631579,2.526315789473684,True,0.6847360277004603,0.0407716053564647,False
526,2.210526315789473,5.368421052631579,2.8421052631578947,True,0.7485296167817947,0.0470031276535649,False
527,2.210526315789473,5.368421052631579,3.1578947368421053,True,0.8236517272520045,0.0486204577532805,False
528,2.210526315789473,5.368421052631579,3.4736842105263155,True,0.8944814031088346,0.0513985776068651,False
529,2.210526315789473,5.368421052631579,3.789473684210526,True,0.8172819370913114,0.0603730531088328,False
530,2.210526315789473,5.368421052631579,4.105263157894736,True,0.8572004303457998,0.0704249244331583,False
531,2.210526315789473,5.368421052631579,4.421052631578947,True,0.9208804336426801,0.0874358930644989,False
532,2.210526315789473,5.684210526315789,0.3157894736842105,True,0.009905348047429707,0.0254366572399602,False
533,2.210526315789473,5.684210526315789,0.631578947368421,True,-0.07468806850346017,0.0330898314051431,False
534,2.210526315789473,5.684210526315789,0.9473684210526316,True,0.0745320585262412,0.0352845847813648,False
535,2.210526315789473,5.684210526315789,1.263157894736842,True,0.24189469092548496,0.0371674691236535,False
536,2.210526315789473,5.684210526315789,1.5789473684210529,True,0.3433470087907775,0.0328321613076981,False
537,2.210526315789473,5.684210526315789,1.894736842105263,True,0.5612261681374566,0.0149442618409178,False
538,2.210526315789473,5.684210526315789,2.210526315789473,True,0.6298897436038586,0.0192384211821377,False
539,2.210526315789473,5.684210526315789,2.526315789473684,True,0.6878465691424608,0.0323134091412641,False
540,2.210526315789473,5.684210526315789,2.8421052631578947,True,0.832107545618874,0.0393175999039818,False
541,2.210526315789473,5.684210526315789,3.1578947368421053,True,0.7412266764520761,0.0376774291985429,False
542,2.210526315789473,5.684210526315789,3.4736842105263155,True,0.9446939592475705,0.0335849368985045,False
543,2.210526315789473,5.684210526315789,3.789473684210526,True,0.8266930896748499,0.0462120797115471,False
544,2.210526315789473,5.684210526315789,4.105263157894736,True,0.7880513425366265,0.0608131256803184,False
545,2.210526315789473,5.684210526315789,4.421052631578947,True,0.8242339328010294,0.080912463225041,False
546,2.210526315789473,6.0,0.3157894736842105,True,0.06085302317195697,0.0255839009397713,False
547,2.210526315789473,6.0,0.631578947368421,True,-0.07809531162324722,0.0354219685476441,False
548,2.210526315789473,6.0,0.9473684210526316,True,0.07803343600171767,0.0379740732039067,False
549,2.210526315789473,6.0,1.263157894736842,True,0.20095092570159045,0.0375706626621921,False
550,2.210526315789473,6.0,1.5789473684210529,True,0.47029210771769536,0.0355421855739743,False
551,2.210526315789473,6.0,1.894736842105263,True,0.48735461335621166,0.0280957931501617,False
552,2.210526315789473,6.0,2.210526315789473,True,0.6068133390461496,0.0250145713473394,False
553,2.210526315789473,6.0,2.526315789473684,True,0.6766764634767461,0.0242431646160624,False
554,2.210526315789473,6.0,2.8421052631578947,True,0.7845970898822604,0.0292310095751856,False
555,2.210526315789473,6.0,3.1578947368421053,True,0.7734718367161598,0.026758952257262,False
556,2.210526315789473,6.0,3.4736842105263155,True,0.8625379585333673,0.0133375621833667,False
557,2.210526315789473,6.0,3.789473684210526,True,0.8246654415097568,0.0330348172010523,False
558,2.210526315789473,6.0,4.105263157894736,True,0.7288951334662371,0.0509237775850899,False
559,2.210526315789473,6.0,4.421052631578947,True,0.8783414387968901,0.0760346384115317,False
